Aleutians East (013),\
Aleutians West (CA),\ (016),\
Anchorage (020),\
Bethel (CA),\ (050),\
Bristol Bay (060),\
Denali (068),\
Dillingham (CA),\ (070),\
Fairbanks North Star (090),\
Haines (100),\
Juneau (110),\
Kenai Peninsula (122),\
Ketchikan Gateway (130),\
Kodiak Island (150),\
Lake and Peninsula (164),\
Matanuska-Susitna (170),\
Nome (CA),\ (180),\
North Slope (185),\
Northwest Arctic (188),\
Prince of Wales-OuterKetchikan (201),\
Sitka (220),\
Skagway-Yakutat-Angoon (231),\ 
Southeast Fairbanks (240),\ 
Valdez-Gordova (261),\ 
Wade Hampton (270),\ 
Wrangell-Petersburg (280),\ 
Yukon-Koyukuk (290),\
