Arkansas  (001),\
Ashley  (003),\
Baxter  (005),\
Benton  (007),\
Boone  (009),\
Bradley  (011),\
Calhoun  (013),\
Carroll  (015),\
Chicot  (017),\
Clark  (019),\
Clay  (021),\
Cleburne  (023),\
Cleveland  (025),\
Columbia  (027),\
Conway  (029),\
Craighead  (031),\
Crawford  (033),\
Crittenden  (035),\
Cross  (037),\
Dallas  (039),\
Desha  (041),\
Drew  (043),\
Faulkner  (045),\
Franklin  (047),\
Fulton  (049),\
Garland  (051),\
Grant  (053),\
Hempstead  (057),\
Hot Spring  (059),\
Howard  (061),\
Independence  (063),\
Izard  (065),\
Jackson  (067),\
Jefferson  (069),\
Johnson  (071),\
Lafayette  (073),\
Lawrence  (075),\
Lee  (077),\
Lincoln  (079),\
Little River  (081),\
Logan  (083),\
Lonoke  (085),\
Madison  (087),\
Marion  (089),\
Miller  (091),\
Mississippi  (093),\
Monroe  (095),\
Montgomery  (097),\
Nevada  (099),\
Newton  (101),\
Ouachita  (103),\
Phillips  (107),\
Pike  (109),\
Poinsett  (111),\
Polk  (113),\
Pope  (115),\
Prairie  (117),\
Pulaski  (119),\
Randolph  (121),\
St. Francis  (123),\
Saline  (125),\
Scott  (127),\
Searcy  (129),\
Sebastian  (131),\
Sevier  (133),\
Sharp  (135),\
Stone  (137),\
Union  (139),\
Van Buren  (141),\
Washington  (143),\
White  (145),\
Woodruff  (147),\
Yell  (149),\
