Adams  (001),\
Allen  (003),\
Bartholomew  (005),\
Benton  (007),\
Blackford  (009),\
Boone  (011),\
Brown  (013),\
Carroll  (015),\
Cass  (017),\
Clark  (019),\
Clay  (021),\
Clinton  (023),\
Crawford  (025),\
Daviess  (027),\
Dearborn  (029),\
Decatur  (031),\
De Kalb  (033),\
Delaware  (035),\
Dubois  (037),\
Elkhart  (039),\
Fayette  (041),\
Floyd  (043),\
Fountain  (045),\
Franklin  (047),\
Fulton  (049),\
Gibson  (051),\
Grant  (053),\
Greene  (055),\
Hamilton  (057),\
Hancock  (059),\
Harrison  (061),\
Hendricks  (063),\
Henry  (065),\
Howard  (067),\
Huntington  (069),\
Jackson  (071),\
Jasper  (073),\
Jay  (075),\
Jefferson  (077),\
Jennings  (079),\
Johnson  (081),\
Knox  (083),\
Kosciusko  (085),\
Lagrange  (087),\
Lake  (089),\
La Porte  (091),\
Lawrence  (093),\
Madison  (095),\
Marion  (097),\
Marshall  (099),\
Martin  (101),\
Miami  (103),\
Monroe  (105),\
Montgomery  (107),\
Morgan  (109),\
Newton  (111),\
Noble  (113),\
Ohio  (115),\
Orange  (117),\
Owen  (119),\
Parke  (121),\
Perry  (123),\
Pike  (125),\
Porter  (127),\
Posey  (129),\
Pulaski  (131),\
Putnam  (133),\
Randolph  (135),\
Ripley  (137),\
Rush  (139),\
St. Joseph  (141),\
Scott  (143),\
Shelby  (145),\
Spencer  (147),\
Starke  (149),\
Steuben  (151),\
Sullivan  (153),\
Switzerland  (155),\
Tippecanoe  (157),\
Tipton  (159),\
Union  (161),\
Vanderburgh  (163),\
Vermillion  (165),\
Vigo  (167),\
Wabash  (169),\
Warren  (171),\
Warrick  (173),\
Washington  (175),\
Wayne  (177),\
Wells  (179),\
White  (181),\
Whitley  (183),\
