Allen  (001),\
Anderson  (003),\
Atchison  (005),\
Barber  (007),\
Barton  (009),\
Bourbon  (011),\
Brown  (013),\
Butler  (015),\
Chase  (017),\
Chautauqua  (019),\
Cherokee  (021),\
Cheyenne  (023),\
Clark  (025),\
Clay  (027),\
Cloud  (029),\
Coffey  (031),\
Comanche  (033),\
Cowley  (035),\
Crawford  (037),\
Decatur  (039),\
Dickinson  (041),\
Doniphan  (043),\
Douglas  (045),\
Edwards  (047),\
Elk  (049),\
Ellis  (051),\
Ellsworth  (053),\
Finney  (055),\
Ford  (057),\
Franklin  (059),\
Geary  (061),\
Gove  (063),\
Graham  (065),\
Grant  (067),\
Gray  (069),\
Greeley  (071),\
Greenwood  (073),\
Hamilton  (075),\
Harper  (077),\
Harvey  (079),\
Haskell  (081),\
Hodgeman  (083),\
Jackson  (085),\
Jefferson  (087),\
Jewell  (089),\
Johnson  (091),\
Kearny  (093),\
Kingman  (095),\
Kiowa  (097),\
Labette  (099),\
Lane  (101),\
Leavenworth  (103),\
Lincoln  (105),\
Linn  (107),\
Logan  (109),\
Lyon  (111),\
McPherson  (113),\
Marion  (115),\
Marshall  (117),\
Meade  (119),\
Miami  (121),\
Mitchell  (123),\
Montgomery  (125),\
Morris  (127),\
Morton  (129),\
Nemaha  (131),\
Neosho  (133),\
Ness  (135),\
Norton  (137),\
Osage  (139),\
Osborne  (141),\
Ottawa  (143),\
Pawnee  (145),\
Phillips  (147),\
Pottawatomie  (149),\
Pratt  (151),\
Rawlins  (153),\
Reno  (155),\
Republic  (157),\
Rice  (159),\
Riley  (161),\
Rooks  (163),\
Rush  (165),\
Russell  (167),\
Saline  (169),\
Scott  (171),\
Sedgwick  (173),\
Seward  (175),\
Shawnee  (177),\
Sheridan  (179),\
Sherman  (181),\
Smith  (183),\
Stafford  (185),\
Stanton  (187),\
Stevens  (189),\
Sumner  (191),\
Thomas  (193),\
Trego  (195),\
Wabaunsee  (197),\
Wallace  (199),\
Washington  (201),\
Wichita  (203),\
Wilson  (205),\
Woodson  (207),\
Wyandotte  (209),\
