Beaverhead,(001),\
Big Horn,(003),\
Blaine,(005),\
Broadwater,(007),\
Carbon,(009),\
Carter,(011),\
Cascade,(013),\
Chouteau,(015),\
Custer,(017),\
Daniels,(019),\
Dawson,(021),\
Deer Lodge,(023),\
Fallon,(025),\
Fergus,(027),\
Flathead,(029),\
Gallatin,(031),\
Garfield*,(033),\
Glacier,(035),\
Golden Valley,(037),\
Granite,(039),\
Hill,(041),\
Jefferson,(043),\
Judith Basin,(045),\
Lake,(047),\
Lewis & Clark,(049),\
Liberty,(051),\
Lincoln,(053),\
McCone,(055),\
Madison,(057),\
Meagher,(059),\
Mineral,(061),\
Missoula,(063),\
Musselshell,(065),\
Park,(067),\
Petroleum,(069),\
Phillips,(071),\
Pondera,(073),\
Powder River,(075),\
Powell,(077),\
Prairie,(079),\
Ravalli,(081),\
Richland,(083),\
Roosevelt,(085),\
Rosebud,(087),\
Sanders,(089),\
Sheridan,(091),\
Silver Bow,(093),\
Stillwater,(095),\
Sweet Grass,(097),\
Teton,(099),\
Toole,(101),\
Treasure,(103),\
Valley,(105),\
Wheatland,(107),\
Wibaux,(109),\
Yellowstone,(111),\
