Anderson  (001),\
Bedford  (003),\
Benton  (005),\
Bledsoe  (007),\
Blount  (009),\
Bradley  (011),\
Campbell  (013),\
Cannon  (015),\
Carroll  (017),\
Carter  (019),\
Cheatham  (021),\
Chester  (023),\
Claiborne  (025),\
Clay  (027),\
Cocke  (029),\
Coffee  (031),\
Crockett  (033),\
Cumberland  (035),\
Davidson  (037),\
Decatur  (039),\
DeKalb  (041),\
Dickson  (043),\
Dyer  (045),\
Fayette  (047),\
Fentress  (049),\
Franklin  (051),\
Gibson  (053),\
Giles  (055),\
Grainger  (057),\
Greene  (059),\
Grundy  (061),\
Hamblen  (063),\
Hamilton  (065),\
Hancock  (067),\
Hardeman  (069),\
Hardin  (071),\
Hawkins  (073),\
Haywood  (075),\
Henderson  (077),\
Henry  (079),\
Hickman  (081),\
Houston  (083),\
Humphreys  (085),\
Jackson  (087),\
Jefferson  (089),\
Johnson  (091),\
Knox  (093),\
Lake  (095),\
Lauderdale  (097),\
Lawrence  (099),\
Lewis  (101),\
Lincoln  (103),\
Loudon  (105),\
McMinn  (107),\
McNairy  (109),\
Macon  (111),\
Madison  (113),\
Marion  (115),\
Marshall  (117),\
Maury  (119),\
Meigs  (121),\
Monroe  (123),\
Montgomery  (125),\
Moore  (127),\
Morgan  (129),\
Obion  (131),\
Overton  (133),\
Perry  (135),\
Pickett  (137),\
Polk  (139),\
Putnam  (141),\
Rhea  (143),\
Roane  (145),\
Robertson  (147),\
Rutherford  (149),\
Scott  (151),\
Sequatchie  (153),\
Sevier  (155),\
Shelby  (157),\
Smith  (159),\
Stewart  (161),\
Sullivan  (163),\
Sumner  (165),\
Tipton  (167),\
Trousdale  (169),\
Unicoi  (171),\
Union  (173),\
Van Buren  (175),\
Warren  (177),\
Washington  (179),\
Wayne  (181),\
Weakley  (183),\
White  (185),\
Williamson  (187),\
Wilson  (189),\
